-- MySQL Script generated by MySQL Workbench
-- Thu Apr 17 23:55:28 2025
-- Model: New Model    Version: 1.0
-- MySQL Workbench Forward Engineering

SET @OLD_UNIQUE_CHECKS=@@UNIQUE_CHECKS, UNIQUE_CHECKS=0;
SET @OLD_FOREIGN_KEY_CHECKS=@@FOREIGN_KEY_CHECKS, FOREIGN_KEY_CHECKS=0;
SET @OLD_SQL_MODE=@@SQL_MODE, SQL_MODE='ONLY_FULL_GROUP_BY,STRICT_TRANS_TABLES,NO_ZERO_IN_DATE,NO_ZERO_DATE,ERROR_FOR_DIVISION_BY_ZERO,NO_ENGINE_SUBSTITUTION';

-- -----------------------------------------------------
-- Schema quebragalhodb
-- -----------------------------------------------------

-- -----------------------------------------------------
-- Schema quebragalhodb - CHARSET CORRIGIDO
-- -----------------------------------------------------
CREATE SCHEMA IF NOT EXISTS `quebragalhodb` DEFAULT CHARACTER SET utf8mb4 COLLATE utf8mb4_unicode_ci;
USE `quebragalhodb` ;

-- Logo após USE quebragalhodb;
SET NAMES utf8mb4;
SET CHARACTER SET utf8mb4;

-- -----------------------------------------------------
-- Table `quebragalhodb`.`usuario`
-- -----------------------------------------------------
CREATE TABLE IF NOT EXISTS `quebragalhodb`.`usuario` (
  `id_usuario` BIGINT NOT NULL AUTO_INCREMENT,
  `nome` VARCHAR(60) NOT NULL,
  `email` VARCHAR(60) NOT NULL,
  `senha` VARCHAR(255) NOT NULL,
  `documento` VARCHAR(45) NOT NULL,
  `telefone` VARCHAR(45) NOT NULL,
  `num_strike` INT NOT NULL,
  `img_perfil` VARCHAR(100) NULL,
  `token` VARCHAR(100) NULL,
  `is_admin` BIT NOT NULL,
  `is_moderador` BIT NOT NULL,
  PRIMARY KEY (`id_usuario`))
ENGINE = InnoDB
DEFAULT CHARACTER SET = utf8mb4
COLLATE = utf8mb4_unicode_ci;


-- -----------------------------------------------------
-- Table `quebragalhodb`.`prestador`
-- -----------------------------------------------------
CREATE TABLE IF NOT EXISTS `quebragalhodb`.`prestador` (
  `id_prestador` BIGINT NOT NULL AUTO_INCREMENT,
  `descricao_prestador` VARCHAR(200) NOT NULL,
  `documento_path` VARCHAR(100) NOT NULL,
  `data_hora_inicio` DATETIME NULL,
  `data_hora_fim` DATETIME NULL,
  `id_usuario_fk` BIGINT NOT NULL,
  PRIMARY KEY (`id_prestador`),
  INDEX `fk_prestador_usuario_idx` (`id_usuario_fk` ASC),
  CONSTRAINT `fk_prestador_usuario`
    FOREIGN KEY (`id_usuario_fk`)
    REFERENCES `quebragalhodb`.`usuario` (`id_usuario`)
    ON DELETE NO ACTION
    ON UPDATE NO ACTION)
ENGINE = InnoDB
DEFAULT CHARACTER SET = utf8mb4
COLLATE = utf8mb4_unicode_ci;


-- -----------------------------------------------------
-- Table `quebragalhodb`.`chat`
-- -----------------------------------------------------
CREATE TABLE IF NOT EXISTS `quebragalhodb`.`chat` (
  `id_chat` BIGINT NOT NULL AUTO_INCREMENT,
  `mensagens` VARCHAR(200) NOT NULL,
  `data` DATE NOT NULL,
  `id_prestador_fk` BIGINT NOT NULL,
  `id_usuario_fk` BIGINT NOT NULL,
  PRIMARY KEY (`id_chat`),
  INDEX `fk_chat_prestador1_idx` (`id_prestador_fk` ASC),
  INDEX `fk_chat_usuario1_idx` (`id_usuario_fk` ASC),
  CONSTRAINT `fk_chat_prestador1`
    FOREIGN KEY (`id_prestador_fk`)
    REFERENCES `quebragalhodb`.`prestador` (`id_prestador`)
    ON DELETE NO ACTION
    ON UPDATE NO ACTION,
  CONSTRAINT `fk_chat_usuario1`
    FOREIGN KEY (`id_usuario_fk`)
    REFERENCES `quebragalhodb`.`usuario` (`id_usuario`)
    ON DELETE NO ACTION
    ON UPDATE NO ACTION)
ENGINE = InnoDB
DEFAULT CHARACTER SET = utf8mb4
COLLATE = utf8mb4_unicode_ci;


-- -----------------------------------------------------
-- Table `quebragalhodb`.`tag`
-- -----------------------------------------------------
CREATE TABLE IF NOT EXISTS `quebragalhodb`.`tag` (
  `id_tag` BIGINT NOT NULL AUTO_INCREMENT,
  `nome` VARCHAR(45) NOT NULL,
  `status` VARCHAR(100) NOT NULL,
  PRIMARY KEY (`id_tag`))
ENGINE = InnoDB
DEFAULT CHARACTER SET = utf8mb4
COLLATE = utf8mb4_unicode_ci;


-- -----------------------------------------------------
-- Table `quebragalhodb`.`servico`
-- -----------------------------------------------------
CREATE TABLE IF NOT EXISTS `quebragalhodb`.`servico` (
  `id_servico` BIGINT NOT NULL AUTO_INCREMENT,
  `nome` VARCHAR(45) NOT NULL,
  `descricao` VARCHAR(45) NOT NULL,
  `preco` DOUBLE NOT NULL,
  `ativo` BIT NOT NULL,
  `id_prestador_fk` BIGINT NOT NULL,
  PRIMARY KEY (`id_servico`),
  INDEX `fk_servico_prestador1_idx` (`id_prestador_fk` ASC),
  CONSTRAINT `fk_servico_prestador1`
    FOREIGN KEY (`id_prestador_fk`)
    REFERENCES `quebragalhodb`.`prestador` (`id_prestador`)
    ON DELETE NO ACTION
    ON UPDATE NO ACTION)
ENGINE = InnoDB
DEFAULT CHARACTER SET = utf8mb4
COLLATE = utf8mb4_unicode_ci;


-- -----------------------------------------------------
-- Table `quebragalhodb`.`portfolio`
-- -----------------------------------------------------
CREATE TABLE IF NOT EXISTS `quebragalhodb`.`portfolio` (
  `id_portfolio` BIGINT NOT NULL AUTO_INCREMENT,
  `img_porfolio_path` VARCHAR(45) NOT NULL,
  `id_prestador_fk` BIGINT NOT NULL,
  PRIMARY KEY (`id_portfolio`),
  INDEX `fk_portfolio_prestador1_idx` (`id_prestador_fk` ASC),
  CONSTRAINT `fk_portfolio_prestador1`
    FOREIGN KEY (`id_prestador_fk`)
    REFERENCES `quebragalhodb`.`prestador` (`id_prestador`)
    ON DELETE NO ACTION
    ON UPDATE NO ACTION)
ENGINE = InnoDB
DEFAULT CHARACTER SET = utf8mb4
COLLATE = utf8mb4_unicode_ci;


-- -----------------------------------------------------
-- Table `quebragalhodb`.`agendamento`
-- -----------------------------------------------------
CREATE TABLE IF NOT EXISTS `quebragalhodb`.`agendamento` (
  `id_agendamento` BIGINT NOT NULL AUTO_INCREMENT,
  `data_hora` DATETIME NOT NULL,
  `status` BIT NOT NULL,
  `status_aceito` BIT NULL,
  `id_servico_fk` BIGINT NOT NULL,
  `id_usuario_fk` BIGINT NOT NULL,
  PRIMARY KEY (`id_agendamento`),
  INDEX `fk_agendamento_servico_idx` (`id_servico_fk` ASC),
  INDEX `fk_agendamento_usuario1_idx` (`id_usuario_fk` ASC),
  CONSTRAINT `fk_agendamento_servico`
    FOREIGN KEY (`id_servico_fk`)
    REFERENCES `quebragalhodb`.`servico` (`id_servico`)
    ON DELETE NO ACTION
    ON UPDATE NO ACTION,
  CONSTRAINT `fk_agendamento_usuario`
    FOREIGN KEY (`id_usuario_fk`)
    REFERENCES `quebragalhodb`.`usuario` (`id_usuario`)
    ON DELETE NO ACTION
    ON UPDATE NO ACTION)
ENGINE = InnoDB
DEFAULT CHARACTER SET = utf8mb4
COLLATE = utf8mb4_unicode_ci;


-- -----------------------------------------------------
-- Table `quebragalhodb`.`avaliacao`
-- -----------------------------------------------------
CREATE TABLE IF NOT EXISTS `quebragalhodb`.`avaliacao` (
  `id_avaliacao` BIGINT NOT NULL AUTO_INCREMENT,
  `nota` INT NOT NULL,
  `comentario` VARCHAR(200) NOT NULL,
  `data` DATE NOT NULL,
  `id_agendamento_fk` BIGINT NOT NULL,
  PRIMARY KEY (`id_avaliacao`),
  INDEX `fk_avaliacao_agendamento_idx` (`id_agendamento_fk` ASC),
  CONSTRAINT `fk_avaliacao_agendamento`
    FOREIGN KEY (`id_agendamento_fk`)
    REFERENCES `quebragalhodb`.`agendamento` (`id_agendamento`)
    ON DELETE NO ACTION
    ON UPDATE NO ACTION)
ENGINE = InnoDB
DEFAULT CHARACTER SET = utf8mb4
COLLATE = utf8mb4_unicode_ci;


-- -----------------------------------------------------
-- Table `quebragalhodb`.`resposta`
-- -----------------------------------------------------
CREATE TABLE IF NOT EXISTS `quebragalhodb`.`resposta` (
  `id_resposta` BIGINT NOT NULL AUTO_INCREMENT,
  `comentario_resposta` VARCHAR(100) NOT NULL,
  `data` DATE NOT NULL,
  `id_avaliacao_fk` BIGINT NOT NULL,
  PRIMARY KEY (`id_resposta`),
  INDEX `fk_resposta_avaliacao1_idx` (`id_avaliacao_fk` ASC),
  CONSTRAINT `fk_resposta_avaliacao1`
    FOREIGN KEY (`id_avaliacao_fk`)
    REFERENCES `quebragalhodb`.`avaliacao` (`id_avaliacao`)
    ON DELETE NO ACTION
    ON UPDATE NO ACTION)
ENGINE = InnoDB
DEFAULT CHARACTER SET = utf8mb4
COLLATE = utf8mb4_unicode_ci;


-- -----------------------------------------------------
-- Table `quebragalhodb`.`denuncia`
-- -----------------------------------------------------
CREATE TABLE IF NOT EXISTS `quebragalhodb`.`denuncia` (
  `id_denuncia` BIGINT NOT NULL AUTO_INCREMENT,
  `tipo` VARCHAR(45) NOT NULL,
  `motivo` VARCHAR(100) NOT NULL,
  `status` BIT NOT NULL,
  `id_comentario` BIGINT NULL,
  `id_denunciante` BIGINT NOT NULL,
  `id_denunciado` BIGINT NOT NULL,
  PRIMARY KEY (`id_denuncia`),
  INDEX `fk_denuncia_usuario1_idx` (`id_denunciante` ASC),
  INDEX `fk_denuncia_usuario2_idx` (`id_denunciado` ASC),
  CONSTRAINT `fk_denuncia_usuario1`
    FOREIGN KEY (`id_denunciante`)
    REFERENCES `quebragalhodb`.`usuario` (`id_usuario`)
    ON DELETE NO ACTION
    ON UPDATE NO ACTION,
  CONSTRAINT `fk_denuncia_usuario2`
    FOREIGN KEY (`id_denunciado`)
    REFERENCES `quebragalhodb`.`usuario` (`id_usuario`)
    ON DELETE NO ACTION
    ON UPDATE NO ACTION)
ENGINE = InnoDB
DEFAULT CHARACTER SET = utf8mb4
COLLATE = utf8mb4_unicode_ci;


-- -----------------------------------------------------
-- Table `quebragalhodb`.`apelo`
-- -----------------------------------------------------
CREATE TABLE IF NOT EXISTS `quebragalhodb`.`apelo` (
  `id_apelo` BIGINT NOT NULL AUTO_INCREMENT,
  `justificativa` VARCHAR(100) NOT NULL,
  `status` BIT NOT NULL,
  `id_denuncia_fk` BIGINT NOT NULL,
  PRIMARY KEY (`id_apelo`),
  INDEX `fk_apelo_denuncia1_idx` (`id_denuncia_fk` ASC),
  CONSTRAINT `fk_apelo_denuncia1`
    FOREIGN KEY (`id_denuncia_fk`)
    REFERENCES `quebragalhodb`.`denuncia` (`id_denuncia`)
    ON DELETE NO ACTION
    ON UPDATE NO ACTION)
ENGINE = InnoDB
DEFAULT CHARACTER SET = utf8mb4
COLLATE = utf8mb4_unicode_ci;


-- -----------------------------------------------------
-- Table `quebragalhodb`.`tag_prestador`
-- -----------------------------------------------------
CREATE TABLE IF NOT EXISTS `quebragalhodb`.`tag_prestador` (
  `id_tag_fk` BIGINT NOT NULL,
  `id_prestador_fk` BIGINT NOT NULL,
  PRIMARY KEY (`id_tag_fk`, `id_prestador_fk`),
  INDEX `fk_tag_has_prestador_prestador1_idx` (`id_prestador_fk` ASC),
  INDEX `fk_tag_has_prestador_tag1_idx` (`id_tag_fk` ASC),
  CONSTRAINT `fk_tag_has_prestador_tag1`
    FOREIGN KEY (`id_tag_fk`)
    REFERENCES `quebragalhodb`.`tag` (`id_tag`)
    ON DELETE NO ACTION
    ON UPDATE NO ACTION,
  CONSTRAINT `fk_tag_has_prestador_prestador1`
    FOREIGN KEY (`id_prestador_fk`)
    REFERENCES `quebragalhodb`.`prestador` (`id_prestador`)
    ON DELETE NO ACTION
    ON UPDATE NO ACTION)
ENGINE = InnoDB
DEFAULT CHARACTER SET = utf8mb4
COLLATE = utf8mb4_unicode_ci;


-- -----------------------------------------------------
-- Table `quebragalhodb`.`tag_servico`
-- -----------------------------------------------------
CREATE TABLE IF NOT EXISTS `quebragalhodb`.`tag_servico` (
  `id_tag_fk` BIGINT NOT NULL,
  `id_servico_fk` BIGINT NOT NULL,
  PRIMARY KEY (`id_tag_fk`, `id_servico_fk`),
  INDEX `fk_tag_has_servico_servico1_idx` (`id_servico_fk` ASC),
  INDEX `fk_tag_has_servico_tag1_idx` (`id_tag_fk` ASC),
  CONSTRAINT `fk_tag_has_servico_tag1`
    FOREIGN KEY (`id_tag_fk`)
    REFERENCES `quebragalhodb`.`tag` (`id_tag`)
    ON DELETE NO ACTION
    ON UPDATE NO ACTION,
  CONSTRAINT `fk_tag_has_servico_servico1`
    FOREIGN KEY (`id_servico_fk`)
    REFERENCES `quebragalhodb`.`servico` (`id_servico`)
    ON DELETE NO ACTION
    ON UPDATE NO ACTION)
ENGINE = InnoDB
DEFAULT CHARACTER SET = utf8mb4
COLLATE = utf8mb4_unicode_ci;


SET SQL_MODE=@OLD_SQL_MODE;
SET FOREIGN_KEY_CHECKS=@OLD_FOREIGN_KEY_CHECKS;
SET UNIQUE_CHECKS=@OLD_UNIQUE_CHECKS;

ALTER DATABASE quebragalhodb CHARACTER SET utf8mb4 COLLATE utf8mb4_unicode_ci;

-- ALTERAR CHARSET DAS TABELAS EXISTENTES POR GARANTIA
ALTER TABLE usuario CONVERT TO CHARACTER SET utf8mb4 COLLATE utf8mb4_unicode_ci;
ALTER TABLE prestador CONVERT TO CHARACTER SET utf8mb4 COLLATE utf8mb4_unicode_ci;
ALTER TABLE chat CONVERT TO CHARACTER SET utf8mb4 COLLATE utf8mb4_unicode_ci;
ALTER TABLE tag CONVERT TO CHARACTER SET utf8mb4 COLLATE utf8mb4_unicode_ci;
ALTER TABLE servico CONVERT TO CHARACTER SET utf8mb4 COLLATE utf8mb4_unicode_ci;
ALTER TABLE portfolio CONVERT TO CHARACTER SET utf8mb4 COLLATE utf8mb4_unicode_ci;
ALTER TABLE agendamento CONVERT TO CHARACTER SET utf8mb4 COLLATE utf8mb4_unicode_ci;
ALTER TABLE avaliacao CONVERT TO CHARACTER SET utf8mb4 COLLATE utf8mb4_unicode_ci;
ALTER TABLE resposta CONVERT TO CHARACTER SET utf8mb4 COLLATE utf8mb4_unicode_ci;
ALTER TABLE denuncia CONVERT TO CHARACTER SET utf8mb4 COLLATE utf8mb4_unicode_ci;
ALTER TABLE apelo CONVERT TO CHARACTER SET utf8mb4 COLLATE utf8mb4_unicode_ci;
ALTER TABLE tag_prestador CONVERT TO CHARACTER SET utf8mb4 COLLATE utf8mb4_unicode_ci;
ALTER TABLE tag_servico CONVERT TO CHARACTER SET utf8mb4 COLLATE utf8mb4_unicode_ci;

-- =============================================
-- USUÁRIOS (20 registros)
-- =============================================
INSERT INTO `usuario` (`id_usuario`, `nome`, `email`, `senha`, `documento`, `telefone`, `num_strike`, `img_perfil`, `token`, `is_admin`, `is_moderador`) VALUES
(1, 'Administrador Sistema', 'admin@quebragalho.com', 'Senha@Admin123', '123.456.789-09', '(11) 91234-5678', 0, 'admin.jpg', 'token_admin_123', 1, 1),
(2, 'Maria Oliveira', 'maria.oliveira@email.com', 'Maria@123', '987.654.321-00', '(11) 92345-6789', 0, 'maria.jpg', NULL, 0, 0),
(3, 'João Santos', 'joao.santos@email.com', 'Joao@123', '456.789.123-00', '(11) 93456-7890', 1, 'joao.jpg', NULL, 0, 0),
(4, 'Ana Costa', 'ana.costa@email.com', 'Ana@123', '789.123.456-00', '(11) 94567-8901', 0, 'ana.jpg', NULL, 0, 1),
(5, 'Carlos Pereira', 'carlos.pereira@email.com', 'Carlos@123', '321.654.987-00', '(11) 95678-9012', 0, 'carlos.jpg', NULL, 0, 0),
(6, 'Juliana Almeida', 'juliana.almeida@email.com', 'Juliana@123', '654.987.321-00', '(11) 96789-0123', 0, 'juliana.jpg', NULL, 0, 0),
(7, 'Pedro Souza', 'pedro.souza@email.com', 'Pedro@123', '147.258.369-00', '(11) 97890-1234', 2, 'pedro.jpg', NULL, 0, 0),
(8, 'Fernanda Lima', 'fernanda.lima@email.com', 'Fernanda@123', '258.369.147-00', '(11) 98901-2345', 0, 'fernanda.jpg', NULL, 0, 0),
(9, 'Ricardo Martins', 'ricardo.martins@email.com', 'Ricardo@123', '369.147.258-00', '(11) 99012-3456', 0, 'ricardo.jpg', NULL, 0, 0),
(10, 'Patrícia Rocha', 'patricia.rocha@email.com', 'Patricia@123', '159.357.486-00', '(11) 90123-4567', 0, 'patricia.jpg', NULL, 0, 0),
(11, 'Moderador Silva', 'mod.silva@quebragalho.com', 'Mod@123', '753.951.846-00', '(11) 91234-8765', 0, 'mod_silva.jpg', 'token_mod_456', 0, 1),
(12, 'Marcos Ferreira', 'marcos.ferreira@email.com', 'Marcos@123', '357.159.486-00', '(11) 92345-9876', 0, 'marcos.jpg', NULL, 0, 0),
(13, 'Camila Gonçalves', 'camila.goncalves@email.com', 'Camila@123', '486.357.159-00', '(11) 93456-0987', 0, 'camila.jpg', NULL, 0, 0),
(14, 'Lucas Barbosa', 'lucas.barbosa@email.com', 'Lucas@123', '951.753.846-00', '(11) 94567-1098', 0, 'lucas.jpg', NULL, 0, 0),
(15, 'Amanda Nunes', 'amanda.nunes@email.com', 'Amanda@123', '846.951.753-00', '(11) 95678-2109', 0, 'amanda.jpg', NULL, 0, 0),
(16, 'Roberto Castro', 'roberto.castro@email.com', 'Roberto@123', '654.321.987-00', '(11) 96789-3210', 1, 'roberto.jpg', NULL, 0, 0),
(17, 'Tatiane Dias', 'tatiane.dias@email.com', 'Tatiane@123', '321.987.654-00', '(11) 97890-4321', 0, 'tatiane.jpg', NULL, 0, 0),
(18, 'Felipe Ramos', 'felipe.ramos@email.com', 'Felipe@123', '987.321.654-00', '(11) 98901-5432', 0, 'felipe.jpg', NULL, 0, 0),
(19, 'Vanessa Cardoso', 'vanessa.cardoso@email.com', 'Vanessa@123', '147.963.852-00', '(11) 99012-6543', 0, 'vanessa.jpg', NULL, 0, 0),
(20, 'Diego Moura', 'diego.moura@email.com', 'Diego@123', '963.147.852-00', '(11) 90123-7654', 0, 'diego.jpg', NULL, 0, 0);

-- =============================================
-- PRESTADORES (10 registros)
-- =============================================
INSERT INTO `prestador` (`id_prestador`, `descricao_prestador`, `documento_path`, `data_hora_inicio`, `data_hora_fim`, `id_usuario_fk`) VALUES
(1, 'Eletricista residencial e industrial com 8 anos de experiência', '/docs/eletricista_1.pdf', '2025-05-01 08:00:00', '2025-05-01 18:00:00', 3),
(2, 'Encanador especializado em reformas prediais', '/docs/encanador_2.pdf', '2025-05-02 09:00:00', '2025-05-02 17:00:00', 5),
(3, 'Técnico em informática e redes', '/docs/tecinfo_3.pdf', '2025-05-03 10:00:00', '2025-05-03 19:00:00', 7),
(4, 'Pintor residencial profissional', '/docs/pintor_4.pdf', '2025-05-04 07:30:00', '2025-05-04 16:30:00', 9),
(5, 'Marceneiro com especialização em móveis planejados', '/docs/marceneiro_5.pdf', '2025-05-05 08:30:00', '2025-05-05 17:30:00', 12),
(6, 'Jardineiro e paisagista', '/docs/jardineiro_6.pdf', '2025-05-06 06:00:00', '2025-05-06 14:00:00', 14),
(7, 'Mecânico automotivo', '/docs/mecanico_7.pdf', '2025-05-07 09:30:00', '2025-05-07 18:30:00', 16),
(8, 'Chaveiro 24 horas', '/docs/chaveiro_8.pdf', '2025-05-08 00:00:00', '2025-05-08 23:59:59', 18),
(9, 'Dedetizador licenciado', '/docs/dedetizador_9.pdf', '2025-05-09 08:00:00', '2025-05-09 16:00:00', 19),
(10, 'Montador de móveis e eletrodomésticos', '/docs/montador_10.pdf', '2025-05-10 07:00:00', '2025-05-10 15:00:00', 20);

-- =============================================
-- TAGS (15 categorias de serviços)
-- =============================================
INSERT INTO `tag` (`id_tag`, `nome`, `status`) VALUES
(1, 'Elétrica', 'ativo'),
(2, 'Hidráulica', 'ativo'),
(3, 'Informática', 'ativo'),
(4, 'Pintura', 'ativo'),
(5, 'Marcenaria', 'ativo'),
(6, 'Jardinagem', 'ativo'),
(7, 'Mecânica', 'ativo'),
(8, 'Chaveiro', 'ativo'),
(9, 'Dedetização', 'ativo'),
(10, 'Montagem', 'ativo'),
(11, 'Reforma', 'ativo'),
(12, 'Limpeza', 'ativo'),
(13, 'Encanamento', 'ativo'),
(14, 'Instalação', 'ativo'),
(15, 'Manutenção', 'ativo');

-- =============================================
-- SERVIÇOS (30 registros)
-- =============================================
INSERT INTO `servico` (`id_servico`, `nome`, `descricao`, `preco`, `ativo`, `id_prestador_fk`) VALUES
(1, 'Instalação elétrica', 'Instalação de tomadas e interruptores', 150.00, 1, 1),
(2, 'Reparo vazamento', 'Conserto de vazamentos em geral', 200.00, 1, 2),
(3, 'Manutenção de computadores', 'Formatação e limpeza de PC', 120.00, 1, 3),
(4, 'Pintura de paredes', 'Pintura interna com tinta acrílica', 35.00, 1, 4),
(5, 'Móveis sob medida', 'Fabricação de móveis personalizados', 500.00, 1, 5),
(6, 'Poda de árvores', 'Poda segura de árvores urbanas', 180.00, 1, 6),
(7, 'Troca de óleo', 'Troca de óleo e filtro', 80.00, 1, 7),
(8, 'Cópia de chaves', 'Cópia de chaves comuns', 25.00, 1, 8),
(9, 'Dedetização residencial', 'Controle de pragas urbanas', 250.00, 1, 9),
(10, 'Montagem de armário', 'Montagem de armário pré-fabricado', 120.00, 1, 10),
(11, 'Instalação de chuveiro', 'Instalação e manutenção', 90.00, 1, 2),
(12, 'Reparo em notebook', 'Troca de peças e manutenção', 180.00, 1, 3),
(13, 'Pintura de portão', 'Pintura com tinta esmalte', 150.00, 1, 4),
(14, 'Banco de madeira', 'Fabricação de banco rústico', 300.00, 1, 5),
(15, 'Projeto de jardim', 'Criação de projeto paisagístico', 400.00, 1, 6),
(16, 'Alinhamento', 'Alinhamento e balanceamento', 120.00, 1, 7),
(17, 'Abertura de porta', 'Serviço de urgência 24h', 150.00, 1, 8),
(18, 'Controle de ratos', 'Desratização completa', 280.00, 1, 9),
(19, 'Montagem de estante', 'Montagem de móveis em geral', 100.00, 1, 10),
(20, 'Instalação de ventilador', 'Instalação de ventilador de teto', 80.00, 1, 1),
(21, 'Desentupimento', 'Desentupimento de pias e ralos', 160.00, 1, 2),
(22, 'Configuração de rede', 'Configuração de roteador e rede Wi-Fi', 90.00, 1, 3),
(23, 'Pintura de móveis', 'Pintura e restauração de móveis', 200.00, 1, 4),
(24, 'Escrivaninha', 'Fabricação de escrivaninha em MDF', 450.00, 1, 5),
(25, 'Corte de grama', 'Corte e manutenção de gramado', 70.00, 1, 6),
(26, 'Freios', 'Troca de pastilhas de freio', 200.00, 1, 7),
(27, 'Cadeado', 'Troca de segredo em cadeados', 60.00, 1, 8),
(28, 'Controle de baratas', 'Desinsetização residencial', 220.00, 1, 9),
(29, 'Montagem de cama', 'Montagem de cama box', 150.00, 1, 10),
(30, 'Quadro de distribuição', 'Instalação e manutenção', 250.00, 1, 1);

-- =============================================
-- PORTFÓLIO (20 registros)
-- =============================================
INSERT INTO `portfolio` (`id_portfolio`, `img_porfolio_path`, `id_prestador_fk`) VALUES
(1, '/portfolio/eletrica_1.jpg', 1),
(2, '/portfolio/eletrica_2.jpg', 1),
(3, '/portfolio/hidraulica_1.jpg', 2),
(4, '/portfolio/hidraulica_2.jpg', 2),
(5, '/portfolio/info_1.jpg', 3),
(6, '/portfolio/info_2.jpg', 3),
(7, '/portfolio/pintura_1.jpg', 4),
(8, '/portfolio/pintura_2.jpg', 4),
(9, '/portfolio/marcenaria_1.jpg', 5),
(10, '/portfolio/marcenaria_2.jpg', 5),
(11, '/portfolio/jardinagem_1.jpg', 6),
(12, '/portfolio/jardinagem_2.jpg', 6),
(13, '/portfolio/mecanica_1.jpg', 7),
(14, '/portfolio/mecanica_2.jpg', 7),
(15, '/portfolio/chaveiro_1.jpg', 8),
(16, '/portfolio/chaveiro_2.jpg', 8),
(17, '/portfolio/dedetizacao_1.jpg', 9),
(18, '/portfolio/dedetizacao_2.jpg', 9),
(19, '/portfolio/montagem_1.jpg', 10),
(20, '/portfolio/montagem_2.jpg', 10);

-- =============================================
-- AGENDAMENTOS (50 registros)
-- =============================================
INSERT INTO `agendamento` (`id_agendamento`, `data_hora`, `status`, `status_aceito`, `id_servico_fk`, `id_usuario_fk`) VALUES
(1, '2025-06-01 09:00:00', 1, 1, 2, 2),
(2, '2025-06-01 10:30:00', 1, 0, 3, 4),
(3, '2025-06-01 14:00:00', 0, NULL, 5, 6),
(4, '2025-06-02 08:00:00', 1, 1, 7, 8),
(5, '2025-06-02 11:00:00', 0, NULL, 9, 10),
(6, '2025-06-02 15:30:00', 1, 0, 11, 12),
(7, '2025-06-03 09:30:00', 0, NULL, 13, 14),
(8, '2025-06-03 13:00:00', 1, 1, 15, 16),
(9, '2025-06-04 10:00:00', 0, NULL, 17, 18),
(10, '2025-06-04 14:30:00', 1, 0, 19, 20),
(11, '2025-06-05 08:30:00', 0, NULL, 2, 2),
(12, '2025-06-05 12:00:00', 1, 1, 4, 4),
(13, '2025-06-05 16:00:00', 0, NULL, 6, 6),
(14, '2025-06-06 09:00:00', 1, 0, 8, 8),
(15, '2025-06-06 11:30:00', 0, NULL, 10, 10),
(16, '2025-06-07 08:00:00', 1, 1, 12, 12),
(17, '2025-06-07 14:00:00', 0, NULL, 14, 14),
(18, '2025-06-08 10:00:00', 1, 0, 16, 16),
(19, '2025-06-08 15:30:00', 0, NULL, 18, 18),
(20, '2025-06-09 09:30:00', 1, 1, 20, 20),
(21, '2025-06-09 13:00:00', 0, NULL, 1, 3),
(22, '2025-06-10 08:30:00', 1, 0, 3, 5),
(23, '2025-06-10 16:00:00', 0, NULL, 5, 7),
(24, '2025-06-11 10:00:00', 1, 1, 7, 9),
(25, '2025-06-11 14:30:00', 0, NULL, 9, 11),
(26, '2025-06-12 09:00:00', 1, 0, 11, 13),
(27, '2025-06-12 11:30:00', 0, NULL, 13, 15),
(28, '2025-06-13 08:00:00', 1, 1, 15, 17),
(29, '2025-06-13 15:00:00', 0, NULL, 17, 19),
(30, '2025-06-14 10:30:00', 1, 0, 19, 2),
(31, '2025-06-14 14:00:00', 0, NULL, 2, 4),
(32, '2025-06-15 09:00:00', 1, 1, 4, 6),
(33, '2025-06-15 13:30:00', 0, NULL, 6, 8),
(34, '2025-06-16 08:30:00', 1, 0, 8, 10),
(35, '2025-06-16 16:00:00', 0, NULL, 10, 12),
(36, '2025-06-17 10:00:00', 1, 1, 12, 14),
(37, '2025-06-17 14:30:00', 0, NULL, 14, 16),
(38, '2025-06-18 09:30:00', 1, 0, 16, 18),
(39, '2025-06-18 15:00:00', 0, NULL, 18, 20),
(40, '2025-06-19 08:00:00', 1, 1, 20, 3),
(41, '2025-06-19 11:30:00', 0, NULL, 1, 5),
(42, '2025-06-20 09:00:00', 1, 0, 3, 7),
(43, '2025-06-20 14:00:00', 0, NULL, 5, 9),
(44, '2025-06-21 10:30:00', 1, 1, 7, 11),
(45, '2025-06-21 16:00:00', 0, NULL, 9, 13),
(46, '2025-06-22 08:30:00', 1, 0, 11, 15),
(47, '2025-06-22 13:00:00', 0, NULL, 13, 17),
(48, '2025-06-23 09:00:00', 1, 1, 15, 19),
(49, '2025-06-23 15:30:00', 0, NULL, 17, 2),
(50, '2025-06-24 11:00:00', 1, 0, 19, 4);

-- =============================================
-- AVALIAÇÕES (30 registros)
-- =============================================
INSERT INTO `avaliacao` (`id_avaliacao`, `nota`, `comentario`, `data`, `id_agendamento_fk`) VALUES
(1, 5, 'Serviço excelente, muito profissional!', '2025-06-01', 1),
(2, 4, 'Bom atendimento, mas chegou 15 minutos atrasado', '2025-06-01', 2),
(3, 5, 'Perfeito! Ficou exatamente como eu queria', '2025-06-02', 4),
(4, 3, 'Serviço bem feito, mas o preço foi alto', '2025-06-03', 7),
(5, 5, 'Recomendo muito, resolveu meu problema rápido', '2025-06-04', 9),
(6, 2, 'Não fez o serviço completo como combinado', '2025-06-05', 11),
(7, 5, 'Atendimento impecável, superou expectativas', '2025-06-06', 14),
(8, 4, 'Bom trabalho, mas poderia ter sido mais rápido', '2025-06-07', 16),
(9, 1, 'Não compareceu no dia marcado', '2025-06-08', 18),
(10, 5, 'Muito competente, solucionou meu problema', '2025-06-09', 20),
(11, 3, 'Serviço razoável, mas deixou bagunça', '2025-06-10', 22),
(12, 5, 'Profissional extremamente capacitado', '2025-06-11', 24),
(13, 4, 'Bom trabalho, mas esqueceu de limpar após o serviço', '2025-06-12', 26),
(14, 5, 'Nota 10! Faria negócio novamente', '2025-06-13', 28),
(15, 2, 'Serviço mal feito, tive que chamar outro', '2025-06-14', 30),
(16, 5, 'Excelente relação custo-benefício', '2025-06-15', 32),
(17, 4, 'Atendeu bem, mas poderia ser mais comunicativo', '2025-06-16', 34),
(18, 5, 'Muito satisfeito com o resultado final', '2025-06-17', 36),
(19, 3, 'Cumpriu o combinado, mas sem extras', '2025-06-18', 38),
(20, 5, 'Profissional exemplar, recomendo a todos', '2025-06-19', 40),
(21, 4, 'Bom trabalho, mas demorou mais que o esperado', '2025-06-20', 42),
(22, 5, 'Serviço de qualidade, preço justo', '2025-06-21', 44),
(23, 1, 'Não recomendado, serviço porco', '2025-06-22', 46),
(24, 5, 'Perfeito em todos os aspectos', '2025-06-23', 48),
(25, 4, 'Bom profissional, atencioso', '2025-06-01', 3),
(26, 5, 'Resolveu meu problema rapidamente', '2025-06-02', 5),
(27, 3, 'Poderia ter sido melhor pelo preço cobrado', '2025-06-03', 8),
(28, 5, 'Extremamente competente e educado', '2025-06-04', 10),
(29, 2, 'Não atendeu às expectativas', '2025-06-05', 13),
(30, 5, 'Serviço impecável, super recomendo', '2025-06-06', 15);

-- =============================================
-- CHATS (40 registros)
-- =============================================
INSERT INTO `chat` (`id_chat`, `mensagens`, `data`, `id_prestador_fk`, `id_usuario_fk`) VALUES
(1, 'Olá, gostaria de orçamento para instalação elétrica', '2025-05-20', 1, 2),
(2, 'Pode ser na próxima terça às 14h?', '2025-05-20', 1, 2),
(3, 'Qual o valor para desentupir uma pia?', '2025-05-21', 2, 4),
(4, 'Tenho urgência, pode ser hoje?', '2025-05-21', 2, 4),
(5, 'Preciso formatar meu notebook', '2025-05-22', 3, 6),
(6, 'Você trabalha com MacBook também?', '2025-05-22', 3, 6),
(7, 'Quero pintar meu quarto', '2025-05-23', 4, 8),
(8, 'Qual tinta você recomenda?', '2025-05-23', 4, 8),
(9, 'Preciso de um armário sob medida', '2025-05-24', 5, 10),
(10, 'Pode fazer projeto 3D antes?', '2025-05-24', 5, 10),
(11, 'Minha árvore precisa de poda', '2025-05-25', 6, 12),
(12, 'É uma mangueira grande', '2025-05-25', 6, 12),
(13, 'Troca de óleo completa', '2025-05-26', 7, 14),
(14, 'Usa óleo sintético?', '2025-05-26', 7, 14),
(15, 'Perdi as chaves do apartamento', '2025-05-27', 8, 16),
(16, 'Precisa de documento para fazer cópia?', '2025-05-27', 8, 16),
(17, 'Apareceu muitas baratas', '2025-05-28', 9, 18),
(18, 'O veneno é seguro para crianças?', '2025-05-28', 9, 18),
(19, 'Preciso montar uma cama box', '2025-05-29', 10, 20),
(20, 'Tem experiência com móveis italianos?', '2025-05-29', 10, 20),
(21, 'Meu chuveiro está dando choque', '2025-05-30', 1, 3),
(22, 'É urgente, pode vir hoje?', '2025-05-30', 1, 3),
(23, 'Pia da cozinha entupida', '2025-05-31', 2, 5),
(24, 'Já tentou usar soda cáustica?', '2025-05-31', 2, 5),
(25, 'Computador não liga', '2025-06-01', 3, 7),
(26, 'Faz recuperação de dados?', '2025-06-01', 3, 7),
(27, 'Quero pintar minha sala', '2025-06-02', 4, 9),
(28, 'Preciso de orçamento para 50m²', '2025-06-02', 4, 9),
(29, 'Móveis para home office', '2025-06-03', 5, 11),
(30, 'Trabalha com madeira de demolição?', '2025-06-03', 5, 11),
(31, 'Gramado muito alto', '2025-06-04', 6, 13),
(32, 'Precisa cortar semanalmente', '2025-06-04', 6, 13),
(33, 'Barulho nos freios', '2025-06-05', 7, 15),
(34, 'É um Honda Civic 2018', '2025-06-05', 7, 15),
(35, 'Fechadura quebrada', '2025-06-06', 8, 17),
(36, 'Preciso trocar toda a fechadura', '2025-06-06', 8, 17),
(37, 'Ratos no sótão', '2025-06-07', 9, 19),
(38, 'É uma casa antiga', '2025-06-07', 9, 19),
(39, 'Montagem de guarda-roupa', '2025-06-08', 10, 2),
(40, 'São 3 portas de espelho', '2025-06-08', 10, 2);

-- =============================================
-- DENÚNCIAS (15 registros)
-- =============================================
INSERT INTO `denuncia` (`id_denuncia`, `tipo`, `motivo`, `status`, `id_comentario`, `id_denunciante`, `id_denunciado`) VALUES
(1, 'Serviço', 'Não compareceu no dia marcado', 1, NULL, 2, 3),
(2, 'Comportamento', 'Foi grosseiro durante o serviço', 0, NULL, 4, 5),
(3, 'Pagamento', 'Cobrou valor diferente do combinado', 0, NULL, 6, 7),
(4, 'Qualidade', 'Serviço mal executado', 1, NULL, 8, 9),
(5, 'Segurança', 'Deixou ferramentas perigosas ao alcance de crianças', 0, NULL, 10, 1),
(6, 'Comentário', 'Comentário ofensivo na avaliação', 1, 9, 12, 3),
(7, 'Serviço', 'Usou materiais de baixa qualidade', 0, NULL, 14, 5),
(8, 'Comportamento', 'Assédio durante o serviço', 1, NULL, 16, 7),
(9, 'Pagamento', 'Não emitiu nota fiscal', 0, NULL, 18, 9),
(10, 'Qualidade', 'Não concluiu o serviço', 0, NULL, 20, 1),
(11, 'Segurança', 'Trabalhou sem equipamento de proteção', 1, NULL, 3, 2),
(12, 'Comentário', 'Avaliação falsa', 0, 15, 5, 4),
(13, 'Serviço', 'Danificou minha propriedade', 1, NULL, 7, 6),
(14, 'Comportamento', 'Discriminação', 0, NULL, 9, 8),
(15, 'Pagamento', 'Cobrança indevida', 0, NULL, 11, 10);

-- =============================================
-- APELOS (8 registros)
-- =============================================
INSERT INTO `apelo` (`id_apelo`, `justificativa`, `status`, `id_denuncia_fk`) VALUES
(1, 'Tive um imprevisto familiar urgente', 1, 1),
(2, 'Foi um mal-entendido na comunicação', 0, 2),
(3, 'O material teve aumento de preço repentino', 1, 3),
(4, 'O cliente mudou o escopo durante o serviço', 0, 4),
(5, 'As crianças não estavam no local quando deixei as ferramentas', 1, 5),
(6, 'O comentário foi tirado de contexto', 0, 6),
(7, 'Emiti a nota fiscal digitalmente', 1, 9),
(8, 'O dano já existia antes do serviço', 0, 13);

-- =============================================
-- RESPOSTAS (20 registros)
-- =============================================
INSERT INTO `resposta` (`id_resposta`, `comentario_resposta`, `data`, `id_avaliacao_fk`) VALUES
(1, 'Obrigado pelo feedback! Fico feliz que gostou do serviço.', '2025-06-01', 1),
(2, 'Lamento pelo atraso, tive um problema no serviço anterior.', '2025-06-01', 2),
(3, 'Vou verificar o que aconteceu com o preço, pode me enviar detalhes?', '2025-06-03', 4),
(4, 'Que bom que pude ajudar! Estou à disposição.', '2025-06-04', 5),
(5, 'Por favor, me explique o que faltou no serviço para corrigir.', '2025-06-05', 6),
(6, 'Muito obrigado pela confiança!', '2025-06-06', 7),
(7, 'Na próxima vez serei mais rápido, obrigado pelo aviso.', '2025-06-07', 8),
(8, 'Me desculpe, tive um problema de saúde naquele dia.', '2025-06-08', 9),
(9, 'Fico feliz em ter ajudado!', '2025-06-09', 10),
(10, 'Lamento pela bagunça, na próxima levarei meu ajudante.', '2025-06-10', 11),
(11, 'Obrigado pelo elogio!', '2025-06-11', 12),
(12, 'Normalmente limpo tudo, devo ter esquecido algo.', '2025-06-12', 13),
(13, 'Obrigado pela nota máxima!', '2025-06-13', 14),
(14, 'Por favor, me explique o problema para podermos resolver.', '2025-06-14', 15),
(15, 'Obrigado pela avaliação justa!', '2025-06-15', 16),
(16, 'Tentarei me comunicar melhor da próxima vez.', '2025-06-16', 17),
(17, 'Fico feliz que gostou do resultado!', '2025-06-17', 18),
(18, 'Fiz exatamente o que foi combinado no orçamento.', '2025-06-18', 19),
(19, 'Muito obrigado pela recomendação!', '2025-06-19', 20),
(20, 'O serviço demorou mais devido a um problema inesperado.', '2025-06-20', 21);

-- =============================================
-- TAG_PRESTADOR (30 registros)
-- =============================================
INSERT INTO `tag_prestador` (`id_tag_fk`, `id_prestador_fk`) VALUES
(1, 1), (14, 1), (15, 1),
(2, 2), (13, 2), (15, 2),
(3, 3), (14, 3), (15, 3),
(4, 4), (11, 4), (15, 4),
(5, 5), (11, 5), (15, 5),
(6, 6), (15, 6),
(7, 7), (15, 7),
(8, 8), (15, 8),
(9, 9), (15, 9),
(10, 10), (14, 10), (15, 10),
(1, 2), (2, 1), (3, 4), (4, 3), (5, 6), (6, 5), (7, 8), (8, 7), (9, 10), (10, 9);

-- =============================================
-- TAG_SERVIÇO (50 registros)
-- =============================================
INSERT INTO `tag_servico` (`id_tag_fk`, `id_servico_fk`) VALUES
(1, 1), (14, 1), (15, 1),
(2, 2), (13, 2), (15, 2),
(3, 3), (15, 3),
(4, 4), (11, 4), (15, 4),
(5, 5), (11, 5), (15, 5),
(6, 6), (15, 6),
(7, 7), (15, 7),
(8, 8), (15, 8),
(9, 9), (15, 9),
(10, 10), (14, 10), (15, 10),
(2, 11), (13, 11), (15, 11),
(3, 12), (15, 12),
(4, 13), (11, 13), (15, 13),
(5, 14), (11, 14), (15, 14),
(6, 15), (15, 15),
(7, 16), (15, 16),
(8, 17), (15, 17),
(9, 18), (15, 18),
(10, 19), (14, 19), (15, 19),
(1, 20), (14, 20), (15, 20),
(2, 21), (13, 21), (15, 21),
(3, 22), (14, 22), (15, 22),
(4, 23), (11, 23), (15, 23),
(5, 24), (11, 24), (15, 24),
(6, 25), (15, 25),
(7, 26), (15, 26),
(8, 27), (15, 27),
(9, 28), (15, 28),
(10, 29), (14, 29), (15, 29),
(1, 30), (14, 30), (15, 30);
